{"cameraMode":{"drawMode":0,"name":"Shaded","section":"Shading Mode"},"sceneLighting":true,"audioPlay":false,"sceneViewState":{"m_AlwaysRefresh":false,"showFog":true,"showSkybox":true,"showFlares":true,"showImageEffects":true,"showParticleSystems":true,"showVisualEffectGraphs":true,"m_FxEnabled":true},"in2DMode":false,"pivot":{"x":3.7665445804595949,"y":0.9712738990783691,"z":-2.9156301021575929},"rotation":{"x":0.056603919714689258,"y":0.7267331480979919,"z":-0.06031617894768715,"w":0.6819463968276978},"size":3.462502956390381,"orthographic":false}